Don't Say Good Luck,,KPop Demon Hunters,KPop Demon Hunters,,2187,136,6.218564243
The Last House,,Glass Onion: A Knives Out Mystery,Humint,,,,
Freefall: A Reckoning for Boeing,,Humint,Hit Man,,,,
72 HOURS,,The Swarm,Wake Up Dead Man: A Knives Out Mystery,,,,
The Dating App Killer: The Monica White Story,,Hit Man,Once Upon a Crime,,,,
KPop Demon Hunters,,Major Grom: Plague Doctor,Frankenstein,,,,
Breaking In,,Vicky and Her Mystery,The Killer,,,,
To Catch a Cheater,,Wake Up Dead Man: A Knives Out Mystery,Damsel,,,,
Swapped,,Once Upon a Crime,Society of the Snow,,,,
Charlie and the Chocolate Factory,,Restless,"Miraculous: Ladybug & Cat Noir, The Movie",,,,
Facing El Chapo,,The Mother,The Little Things,,,,
A Child of My Own,,Don't Look Up,Border 2,,,,
The Wave,,Frankenstein,Life or Something Like It,,,,
To the Max,,The Gray Man,Alpha,,,,
Cocktail 2,,The Killer,The Lost Children,,,,
Nando Between Two Worlds - A Sintonia Film,,Red Notice,Stolen,,,,
Daddy’s in Trouble,,The Wrath of God,Kraven the Hunter,,,,
"My Best Friend, His Girlfriend and Me",,Damsel,Monster Hunter,,,,
Chompoo: Lost & Forgotten,,Society of the Snow,Land of Bad,,,,
Here the Whole Time,,"Miraculous: Ladybug & Cat Noir, The Movie",Extinction,,,,
Extinction,,The Little Things,Adipurush,,,,
Arthur the King,,Border 2,Migration,,,,
What a Girl Wants,,Life or Something Like It,Anna,,,,
Spider-Man: Far from Home,,Hypnotic,A Journey,,,,
In the Land of Saints and Sinners,,Laal Singh Chaddha,Stillwater,,,,
Elize: Shadows of a Woman,,The Pirates: The Last Royal Treasure,Retribution,,,,
Main Vaapas Aaunga,,Let Him Go,Cocktail 2,,,,
The Debt Collector,,Tu Jhoothi Main Makkaar,Youth,,,,
Idhayam Murali,,Alpha,Code 8,,,,
Desire,,The Lost Children,The Emoji Movie,,,,
Spider-Man: Homecoming,,Stolen,"Ruby Gillman, Teenage Kraken",,,,
A Toxic Love Story,,Kraven the Hunter,Peddi,,,,
Minions,,Monster Hunter,Blacklight,,,,
"Terry McMillan Presents: His, Hers & Ours",,The Deep End of the Ocean,The Platform,,,,
Fast Charlie,,Chickenhare and the Hamster of Darkness,Underwater,,,,
Gatta Kusthi 2,,The Condemned,Bloodshot,,,,
The Truthers,,Land of Bad,Guntur Kaaram,,,,
Wild Sing,,War 2,The Hunt,,,,
Inside The Trustor Scandal,,Extinction,Freelance,,,,
Demon Slayer: Kimetsu no Yaiba Infinity Castle I,,The Lost Daughter,Big George Foreman: The Miraculous Story of the Once and Future Heavyweight Champion of the World,,,,
Kung Fu Panda 4,,R.I.P.D.,Take Shelter,,,,
Voicemails for Isabelle,,Adipurush,The Burning Sea,,,,
Take Shelter,,Trolls World Tour,Ulajh,,,,
War Machine,,Migration,The Mother,,,,
Ordinary Angels,,Bloodshot,The Bricklayer,,,,
Con City,,Anna,Maareesan,,,,
Love in Slow Motion,,'83,Subservience,,,,
"Shake, Rattle & Roll: Evil Origins",,A Journey,The Negotiator,,,,
Sniper: No Nation,,Stillwater,Horizon: An American Saga: Chapter 1,,,,
Quarantine 2: Terminal,,Retribution,Biker,,,,
Monsters vs. Aliens,,Cocktail 2,VidaaMuyarchi,,,,
23 000 Lives,,The Vault,The Frozen Ground,,,,
Ikka,,The Ice Road,All My Life,,,,
Nothing to Lose,,Medieval,Turma Da Monica: Lacos,,,,
Suzzanna: Witchcraft,,Youth,Midnight in the Switchgrass,,,,
The Marked Woman,,Final Score,Old Henry,,,,
Shipwrecked: Nightmare at Sea,,Gunpowder Milkshake,The Northman,,,,
Enola Holmes 3,,Dragged Across Concrete,Aloha,,,,
Regretting You,,Code 8,The Machine,,,,
Meg 2: The Trench,,The Emoji Movie,Dumb Money,,,,
Death on the Nile,,King Arthur: Legend of the Sword,Kandahar,,,,
The Boss Baby,,The Dilemma,Trust,,,,
Joy Ride,,"Ruby Gillman, Teenage Kraken",L'amour ouf,,,,
Pati Patni Aur Woh Do,,Peddi,About My Father,,,,
Wonderful Nightmare,,The Losers,A Dog's Way Home,,,,
Susana and Elvira: No Plan B,,Devotion,Escape Plan 2: Hades,,,,
Peddi,,Blacklight,Hotel Mumbai,,,,
Colors Of Evil: Black,,Dynasty Warriors,The Wolf's Call,,,,
The Doorman,,The Platform,Infinite Storm,,,,
Little Brother,,Underwater,Banduan,,,,
Rust Creek,,The Hurricane Heist,Azaad,,,,
F9: The Fast Saga,,Guntur Kaaram,In the Heart of the Sea,,,,
Old Henry,,The Hunt,Matilda,,,,
Daadi Ki Shaadi,,Freelance,Harold and the Purple Crayon,,,,
Blast,,Big George Foreman: The Miraculous Story of the Once and Future Heavyweight Champion of the World,Let Him Go,,,,
Husbands in Action,,Take Shelter,Force of Nature,,,,
Retribution,,The Burning Sea,,,,,
Maternal Instinct,,The Outpost,,,,,
Paradise City,,Ulajh,,,,,
Raja Shivaji,,The Bricklayer,,,,,
Torrente for President,,Maareesan,,,,,
Les Condés,,Subservience,,,,,
Bhooth Bangla,,UFO,,,,,
Pee Nak 5,,The Negotiator,,,,,
Office Romance,,Horizon: An American Saga: Chapter 1,,,,,
The Contractor,,Sunshine,,,,,
Turbo,,Biker,,,,,
The Creator,,VidaaMuyarchi,,,,,
5lbs of Pressure,,Firedrake the Silver Dragon,,,,,
Dhurandhar The Revenge (Raw & Undekha),,The Frozen Ground,,,,,
King Kaew,,All My Life,,,,,
Street Kings,,Marauders,,,,,
Flowers in the Attic,,Turma Da Monica: Lacos,,,,,
Percy Jackson & the Olympians: The Lightning Thief,,Mixed by Erry,,,,,
No Time to Die,,Sputnik,,,,,
Goat,,Midnight in the Switchgrass,,,,,
Colors of Evil: Red,,Old Henry,,,,,
Manitou's Canoe,,The Northman,,,,,
Maa Behen,,The Expendables 4,,,,,
Kafir: The Spirit Gate,,The Girl in the Spider's Web,,,,,
The Murder of Rachel Nickell,,Matilda,,,,,
David,,Aloha,,,,,
Ticket to Paradise,,Faster,,,,,
Bee Movie,,The Three Musketeers: Milady,,,,,
Mexico 86,,The Machine,,,,,
29,,Dumb Money,,,,,
USA 94: Brazil's Return to Glory,,Dead Man Down,,,,,
Run to the West,,Kandahar,,,,,
Risa and the Wind Phone,,Fierce,,,,,
Creed III,,Deep,,,,,
The Crash,,The Company Men,,,,,
Ladies First,,Trust,,,,,
Creed,,Passing,,,,,
Kara,,L'amour ouf,,,,,
Alas Roban,,UglyDolls,,,,,
Emi Martínez: The Kid Who Stops Time,,About My Father,,,,,
Agak Laen: Menyala Pantiku!,,A Dog's Way Home,,,,,
D.I.S.C.O.,,Escape Plan 2: Hades,,,,,
Milky☆Subway: The Galactic Limited Express – the Movie,,Hotel Mumbai,,,,,
A Perfect Getaway,,The Wolf's Call,,,,,
Apex,,Triple 9,,,,,
Cleaner,,Copshop,,,,,
Remarkably Bright Creatures,,Mafia Mamma,,,,,
Guess Who,,The Informer,,,,,
KARTAVYA,,Infinite Storm,,,,,
"Carrossel, O Filme",,Banduan,,,,,
Qorin 2,,Azaad,,,,,
A Foggy Tale,,Riders of Justice,,,,,
The Lotto Winner,,Skylines,,,,,
Stolen Baby: The Murder of Heidi Broussard,,47 Ronin,,,,,
In Her Shoes,,In the Heart of the Sea,,,,,
No Hard Feelings,,Harold and the Purple Crayon,,,,,
Bride of the Year,,Ben Is Back,,,,,
Coco Before Chanel,,First Kill,,,,,
The Bus: A French Football Mutiny,,Lost Paradise,,,,,
Number One,,Force of Nature,,,,,
My Dearest Assassin,,,,,,,
Je m’appelle Agneta,,,,,,,
Village of the Dead,,,,,,,
Hidden Enemy,,,,,,,
Mother's Day,,,,,,,
Mechanic: Resurrection,,,,,,,
I Am Legend,,,,,,,
My Dearest Señorita,,,,,,,
Bharathanatyam 2 Mohiniyattam,,,,,,,
Jennifer's Body,,,,,,,
The Proposal,,,,,,,
The Hunt,,,,,,,
Home,,,,,,,
Buen Camino,,,,,,,
Son-In-Law,,,,,,,
Raakaasa,,,,,,,
Biker,,,,,,,
Comic 8 Revolution: Santet K4bin3t,,,,,,,
Prey,,,,,,,
Thrash,,,,,,,
Migration,,,,,,,
180,,,,,,,
Roommates,,,,,,,
Trust,,,,,,,
"Miraculous World: Paris, Tales of Shadybug and Claw Noir",,,,,,,
Gladiator II,,,,,,,
Love at Last,,,,,,,
Yiya Murano: Death at Tea Time,,,,,,,
Do Deewane Seher Mein,,,,,,,
Janur Ireng,,,,,,,
Untold: The Shooting at Hawthorne Hill,,,,,,,
The Interpreter,,,,,,,
Shooter,,,,,,,
Toaster,,,,,,,
Youth,,,,,,,
Ustaad Bhagat Singh,,,,,,,
On Your Lap,,,,,,,
Feel My Voice,,,,,,,
Humint,,,,,,,
Untouchables,,,,,,,
Sisu,,,,,,,
Sniper 2,,,,,,,
"Husband, Father, Killer: The Alyssa Pladl Story",,,,,,,
Escape Plan 2: Hades,,,,,,,
Anaconda,,,,,,,
Eat Pray Bark,,,,,,,
Tu Yaa Main,,,,,,,
Mudborn,,,,,,,
18th Rose,,,,,,,
The Truth and Tragedy of Moriah Wilson,,,,,,,
Striking Distance,,,,,,,
Jumanji: Welcome to the Jungle,,,,,,,
Despicable Me 4,,,,,,,
Madagascar,,,,,,,
Beast (English),,,,,,,
The Giant Falls,,,,,,,
Vadh 2,,,,,,,
The Red Line,,,,,,,
Mrithyunjay​,,,,,,,
It Takes a Village,,,,,,,
Untold: The Death & Life of Lamar Odom,,,,,,,
40 Acres,,,,,,,
Peaky Blinders: The Immortal Man,,,,,,,
Let Him Go,,,,,,,
Mardaani 3,,,,,,,
The Passion of the Christ,,,,,,,
SUZUKI=BAKUDAN,,,,,,,
53 Sundays,,,,,,,
Dhurandhar,,,,,,,
The Bad Guys 2,,,,,,,
Minions: The Rise of Gru,,,,,,,
What Happens in Vegas,,,,,,,
"The Rise of the Red Hot Chili Peppers: Our Brother, Hillel",,,,,,,
Louis Theroux: Inside the Manosphere,,,,,,,
BTS: THE RETURN,,,,,,,
Border 2,,,,,,,
Made in Korea,,,,,,,
Pesugihan Sate Gagak,,,,,,,
It Would Be Night in Caracas,,,,,,,
Sous écrous,,,,,,,
Gaslit By My Husband: The Morgan Metzer Story,,,,,,,
Nobody 2,,,,,,,
27 Dresses,,,,,,,
Double Jeopardy,,,,,,,
Shark Tale,,,,,,,
The Bad Guardian,,,,,,,
Firebreak,,,,,,,
The Secret Agent,,,,,,,
Sosok Ketiga: Lintrik,,,,,,,
With Love,,,,,,,
The Dreamseller,,,,,,,
The Pact,,,,,,,
Retirement Home,,,,,,,
Nuremberg,,,,,,,
Jurassic World Rebirth,,,,,,,
Street Flow 3,,,,,,,
Accused,,,,,,,
The Orphans,,,,,,,
Banduan,,,,,,,
Strangers in the Park,,,,,,,
Trap House,,,,,,,
Jurassic World,,,,,,,
Hierarchy,,,,,,,
Jurassic World: Dominion,,,,,,,
The Karate Kid,,,,,,,
Jurassic World: Fallen Kingdom,,,,,,,
#SalveRosa,,,,,,,
The Trip 8,,,,,,,
A Father's Miracle,,,,,,,
The Addams Family,,,,,,,
The Addams Family 2,,,,,,,
The World Will Tremble,,,,,,,
Joe’s College Road Trip,,,,,,,
The Expendables 4,,,,,,,
The Rip,,,,,,,
Pavane,,,,,,,
The Swedish Connection,,,,,,,
"Meet, Greet & Bye",,,,,,,
Prometheus,,,,,,,
Fall,,,,,,,
Wrath of the Titans,,,,,,,
Rumble,,,,,,,
State of Fear,,,,,,,
Even If This Love Disappears Tonight,,,,,,,
Kang Solah From Kang Mak x Nenek Gayung,,,,,,,
The Investigation of Lucy Letby,,,,,,,
How to Train Your Dragon,,,,,,,
Overboard (2018),,,,,,,
Noah,,,,,,,
Twisters,,,,,,,
Homefront,,,,,,,
Norbit,,,,,,,
Yoh! Bestie,,,,,,,
Anaganaga Oka Raju,,,,,,,
Challenger,,,,,,,
Death Whisperer 3,,,,,,,
This is I,,,,,,,
Sweet Home Alabama,,,,,,,
Mike and Dave Need Wedding Dates,,,,,,,
Night at the Museum,,,,,,,
Copshop,,,,,,,
The Adventures of Sharkboy and Lavagirl,,,,,,,
96 Minutes,,,,,,,
The Big Fake,,,,,,,
A Letter To My Youth,,,,,,,
Tere Ishk Mein,,,,,,,
La vita va così,,,,,,,
Cosmic Princess Kaguya!,,,,,,,
Kidnapped: Elizabeth Smart,,,,,,,
Max,,,,,,,
Trap,,,,,,,
M3GAN 2.0,,,,,,,
People We Meet on Vacation,,,,,,,
Secret Mall Apartment,,,,,,,
From the Ashes: The Pit,,,,,,,
No Other Choice,,,,,,,
The Captive,,,,,,,
The Great Flood,,,,,,,
The Magnificent Seven,,,,,,,
Spectre,,,,,,,
Suitcase Killer: The Melanie McGuire Story,,,,,,,
Freelance,,,,,,,
Haq,,,,,,,
De De Pyaar De 2,,,,,,,
Labinak: They Are Amongst Us,,,,,,,
L'amour ouf,,,,,,,
Agen +62,,,,,,,
One Last Adventure: The Making of Stranger Things 5,,,,,,,
How to Train Your Dragon: The Hidden World,,,,,,,
Me Before You,,,,,,,
Paw Patrol: The Movie,,,,,,,
Akhanda 2: Thaandavam,,,,,,,
Ekō from the Infinite Chronicles of Kurichan,,,,,,,
Mardaani,,,,,,,
Magik Rompak,,,,,,,
Call of the Dead,,,,,,,
SHAM,,,,,,,
Troll 2,,,,,,,
Evil Influencer: The Jodi Hildebrandt Story,,,,,,,
Wake Up Dead Man: A Knives Out Mystery,,,,,,,
Sicario: Day of the Soldado,,,,,,,
The Bad Guys,,,,,,,
The Ugly,,,,,,,
100 Meters,,,,,,,
A Time For Bravery,,,,,,,
Sore: A Wife From the Future,,,,,,,
Goodbye June,,,,,,,
Dr. Seuss' The Grinch,,,,,,,
Spider-Man: Into the Spider-Verse,,,,,,,
Wrath of Man,,,,,,,
Uptown Girls,,,,,,,
Single Salma,,,,,,,
RaPo 22,,,,,,,
Raat Akeli Hai - The Bansal Murders,,,,,,,
Revolver Rita,,,,,,,
How the Grinch Stole Christmas,,,,,,,
My Secret Santa,,,,,,,
The Christmas Chronicles,,,,,,,
Tomb Raider,,,,,,,
Jingle Bell Heist,,,,,,,
10DANCE,,,,,,,
Jumbo,,,,,,,
Dangal,,,,,,,
Gatao: Big Brothers,,,,,,,
"La Tahzan: Cinta, Dosa, Luka",,,,,,,
The Croods: A New Age,,,,,,,
Murder in Monaco,,,,,,,
A Cowboy Christmas Romance,,,,,,,
PAW Patrol: The Mighty Movie,,,,,,,
The Super Mario Bros. Movie,,,,,,,
Dragon Ball Z: Battle of Gods,,,,,,,
Kaantha,,,,,,,
The Girlfriend,,,,,,,
Troll,,,,,,,
Jay Kelly,,,,,,,
Death Wish (2018),,,,,,,
The Hustle,,,,,,,
Dr. Seuss' The Lorax,,,,,,,
A Merry Little Ex-Mas,,,,,,,
The Night My Dad Saved Christmas 2,,,,,,,
STEPHEN,,,,,,,
Sunny Sanskari ki Tulsi Kumari,,,,,,,
Operation Pope,,,,,,,
Murder Report,,,,,,,
Kampung Jabang Mayit: Ritual Maut,,,,,,,
Champagne Problems,,,,,,,
In Your Dreams,,,,,,,
Rio,,,,,,,
The Call of the Wild,,,,,,,
Frankenstein,,,,,,,
Ferdinand,,,,,,,
Aaryan (Tamil),,,,,,,
Left-Handed Girl,,,,,,,
Omniscient Reader: The Prophecy,,,,,,,
Mass Jathara,,,,,,,
Train Dreams,,,,,,,
The Carman Family Deaths,,,,,,,
Aquaman and the Lost Kingdom,,,,,,,
A Man Called Otto,,,,,,,
Jolly LLB 3,,,,,,,
Homebound,,,,,,,
Bison Kaalamaadan,,,,,,,
Sunshine,,,,,,,
Caramelo,,,,,,,
Selena y Los Dinos: A Family’s Legacy,,,,,,,
The Little Things,,,,,,,
Dude,,,,,,,
Mango,,,,,,,
Eloá the Hostage: Live on TV,,,,,,,
Tee Yai: Born To Be Bad,,,,,,,
The Son of a Thousand Men,,,,,,,
Telusu Kada,,,,,,,
Kitab Sijjin and Illiyyin,,,,,,,
Being Eddie,,,,,,,
A Time to Kill,,,,,,,
A HOUSE OF DYNAMITE,,,,,,,
The Marksman,,,,,,,
Shrek Forever After,,,,,,,
Baramulla,,,,,,,
Ek Chatur Naar,,,,,,,
Groom & Two Brides,,,,,,,
The Best Mother in the World,,,,,,,
Aileen: Queen of the Serial Killers,,,,,,,
Jack Reacher: Never Go Back,,,,,,,
Ballad of a Small Player,,,,,,,
The Woman in Cabin 10,,,,,,,
Shrek,,,,,,,
Dr. Seuss's The Sneetches,,,,,,,
The Woman in the Line,,,,,,,
Idli Kadai,,,,,,,
Babo: The Haftbefehl Story,,,,,,,
The Elixir,,,,,,,
Fall for Me,,,,,,,
The Perfect Neighbor,,,,,,,
Don't Say a Word,,,,,,,
The Twits,,,,,,,
The Secret Life of Pets,,,,,,,
Hotel Transylvania 3: Summer Vacation,,,,,,,
Attack 13,,,,,,,
They Call Him OG,,,,,,,
The Delivery Rider,,,,,,,
27 Nights,,,,,,,
French Lover,,,,,,,
Taken in Plain Sight,,,,,,,
I Know What You Did Last Summer,,,,,,,
Despicable Me 3,,,,,,,
The Secret Life of Pets 2,,,,,,,
Inside Furioza,,,,,,,
She Walks in Darkness,,,,,,,
Good News,,,,,,,
Greater Kalesh,,,,,,,
A Woman with No Filter,,,,,,,
"My Father, the BTK Killer",,,,,,,
Vacation,,,,,,,
The Maze Runner,,,,,,,
War 2,,,,,,,
Swim to Me,,,,,,,
Furioza,,,,,,,
Everybody Loves Me When I'm Dead,,,,,,,
Godzilla x Kong: The New Empire,,,,,,,
The Mask,,,,,,,
Ruth & Boaz,,,,,,,
About My Father,,,,,,,
Scary Movie,,,,,,,
Mantis,,,,,,,
Organ Child,,,,,,,
Vinci 2,,,,,,,
Kantara (Hindi),,,,,,,
Massacre of the Witches,,,,,,,
Son of Sardaar 2,,,,,,,
Karate Kid: Legends,,,,,,,
The Wrong Paris,,,,,,,
Dog Man,,,,,,,
Man on Fire,,,,,,,
Sonic the Hedgehog 3,,,,,,,
Hop,,,,,,,
She Said Maybe,,,,,,,
Dhadak 2,,,,,,,
Mahavatar Narsimha,,,,,,,
Kill Boksoon,,,,,,,
Love Untangled,,,,,,,
Seventh Son,,,,,,,
San Andreas,,,,,,,
28 Years Later,,,,,,,
The Curse of La Llorona,,,,,,,
aka Charlie Sheen,,,,,,,
Saiyaara,,,,,,,
A Bright Lawyer,,,,,,,
Ice Road: Vengeance,,,,,,,
The Mule,,,,,,,
Unknown Number: The High School Catfish,,,,,,,
The Thursday Murder Club,,,,,,,
War Dogs,,,,,,,
Terror Comes Knocking: The Marcela Borges Story,,,,,,,
Anaconda: Cursed Jungle,,,,,,,
Kontrabida Academy,,,,,,,
Dasim,,,,,,,
Inspector Zende,,,,,,,
The Negotiator,,,,,,,
Along Came a Spider,,,,,,,
Shrek 2,,,,,,,
Yadang: The Snitch,,,,,,,
Abandoned Man,,,,,,,
Brick,,,,,,,
Kingdom,,,,,,,
K.O.,,,,,,,
The Woman King,,,,,,,
Shrek the Third,,,,,,,
Wind River,,,,,,,
Good Will Hunting,,,,,,,
Metro... In Dino,,,,,,,
Tehran,,,,,,,
Tomb Watcher,,,,,,,
Maa,,,,,,,
Transformers: Rise of the Beasts,,,,,,,
The Art of Racing in the Rain,,,,,,,
The Northman,,,,,,,
Welcome to Sudden Death,,,,,,,
The Truth About Jussie Smollett?,,,,,,,
Planet Single: Greek Adventure,,,,,,,
Maareesan,,,,,,,
The Courier,,,,,,,
Night Always Comes,,,,,,,
My Oxford Year,,,,,,,
Happy Gilmore 2,,,,,,,
Taxi,,,,,,,
The Client,,,,,,,
Blended,,,,,,,
Gold Rush Gang,,,,,,,
Exterritorial,,,,,,,
Counterattack,,,,,,,
Norma: Antara Mertua dan Menantu,,,,,,,
Megamind,,,,,,,
Elektra,,,,,,,
Kandahar,,,,,,,
Fixed,,,,,,,
Despicable Me 2,,,,,,,
Blood Brothers: Fury of the Dragon,,,,,,,
Halabala (Survival Cut),,,,,,,
Isolated,,,,,,,
My Name Is Vendetta,,,,,,,
Oho Enthan Baby,,,,,,,
The Last Goodbye,,,,,,,
Journey 2: The Mysterious Island,,,,,,,
Coach Carter,,,,,,,
An Honest Life,,,,,,,
Sugar Mill,,,,,,,
The Stone,,,,,,,
Thammudu,,,,,,,
Holy Night: Demon Hunters,,,,,,,
Happy Gilmore,,,,,,,
Trainwreck: Storm Area 51,,,,,,,
Flightplan,,,,,,,
Rampage,,,,,,,
Madea’s Destination Wedding,,,,,,,
A Normal Woman,,,,,,,
Almost Family,,,,,,,
Wall to Wall,,,,,,,
Untold,,,,,,,
La Huella del Mal,,,,,,,
Lost on a Mountain in Maine,,,,,,,
Trainwreck: P.I. Moms,,,,,,,
The Old Guard 2,,,,,,,
Until Dawn,,,,,,,
Almost Cops,,,,,,,
Aap Jaisa Koi,,,,,,,
Ziam,,,,,,,
Singsot,,,,,,,
Trainwreck: Balloon Boy,,,,,,,
Ride Along 2,,,,,,,
A Madea Homecoming,,,,,,,
Smile 2,,,,,,,
Apocalypse in the Tropics,,,,,,,
Lilim,,,,,,,
Raid 2,,,,,,,
Trainwreck: The Real Project X,,,,,,,
The Old Guard,,,,,,,
Infinite,,,,,,,
Plane,,,,,,,
Grown Ups 2,,,,,,,
Penguins of Madagascar: The Movie,,,,,,,
The Quick and the Dead,,,,,,,
Thug Life,,,,,,,
My Love Will Make You Disappear,,,,,,,
A Brother and 7 Siblings,,,,,,,
Trainwreck: The Cult of American Apparel,,,,,,,
Trainwreck: Poop Cruise,,,,,,,
Shark Whisperer,,,,,,,
STRAW,,,,,,,
A Widow's Game,,,,,,,
Serial Teachers,,,,,,,
Turma Da Monica: Lacos,,,,,,,
Bad Influence,,,,,,,
Mamonas Assassinas: O Filme,,,,,,,
Minha Mãe é uma Peça 2: O Filme,,,,,,,
The Intern,,,,,,,
Land of Bad,,,,,,,
28 Weeks Later,,,,,,,
The Fate of the Furious,,,,,,,
Sing,,,,,,,
Semi-Soeter,,,,,,,
Latin Blood - The Ballad of Ney Matogrosso,,,,,,,
iHostage,,,,,,,
Streaming,,,,,,,
Trainwreck: The Astroworld Tragedy,,,,,,,
Titan: The OceanGate Submersible Disaster,,,,,,,
Trainwreck: Mayor of Mayhem,,,,,,,
Copycat,,,,,,,
The Valet,,,,,,,
Our Times,,,,,,,
Haunting of Mount Gede,,,,,,,
Jaat,,,,,,,
Cheers to Life,,,,,,,
And The Breadwinner Is...,,,,,,,
Get Hard,,,,,,,
World War Z,,,,,,,
Wonka,,,,,,,
Mission: Impossible - Dead Reckoning,,,,,,,
The Heart Knows,,,,,,,
Mikaela,,,,,,,
Underdogs,,,,,,,
I Am the End of the World,,,,,,,
Now You See Me,,,,,,,
M3GAN,,,,,,,
Nonnas,,,,,,,
Now You See Me 2,,,,,,,
Puss in Boots: The Last Wish,,,,,,,
The Wild Robot,,,,,,,
HIT: The Third Case,,,,,,,
Retro,,,,,,,
Sikandar,,,,,,,
Uninvited,,,,,,,
Fear Street: Prom Queen,,,,,,,
Havoc,,,,,,,
Instant Family,,,,,,,
Dr. Seuss' The Cat in the Hat,,,,,,,
Pig,,,,,,,
Faith in the Impossible,,,,,,,
Last Bullet,,,,,,,
Off Track 2,,,,,,,
Untold: The Fall of Favre,,,,,,,
A Deadly American Marriage,,,,,,,
Air Force Elite: Thunderbirds,,,,,,,
The Diplomat,,,,,,,
Bullet Train Explosion,,,,,,,
Vini Jr.,,,,,,,
Ex Ex Lovers,,,,,,,
Untold: The Liver King,,,,,,,
Inside Man: Most Wanted,,,,,,,
Beetlejuice Beetlejuice,,,,,,,
It Takes Two,,,,,,,
High Plains Drifter,,,,,,,
Karol G: Tomorrow was Beautiful,,,,,,,
Lost Bullet,,,,,,,
Jack,,,,,,,
Lost Bullet 2,,,,,,,
Twilight,,,,,,,
Where the Crawdads Sing,,,,,,,
Britain and The Blitz,,,,,,,
The Match,,,,,,,
Good Bad Ugly,,,,,,,
Jewel Thief - The Heist Begins,,,,,,,
Woody Woodpecker,,,,,,,
The Equalizer 2,,,,,,,
Fast X,,,,,,,
The Life List,,,,,,,
The Heartbreak Kid,,,,,,,
The Two Popes,,,,,,,
The Biggest Fan,,,,,,,
Unexplainable,,,,,,,
Mad Square,,,,,,,
The Rose of Versailles,,,,,,,
Tenor,,,,,,,
Life or Something Like It,,,,,,,
Oklahoma City Bombing: American Terror,,,,,,,
American Sniper,,,,,,,
A Dog's Way Home,,,,,,,
Back in Action,,,,,,,
Court: State vs A Nobody,,,,,,,
How To Make Millions Before Grandma Dies,,,,,,,
Sin instrucciones,,,,,,,
My Hero Academia: You're Next,,,,,,,
Meet the Khumalos,,,,,,,
Rise of the Guardians,,,,,,,
The Croods,,,,,,,
The Dad Quest,,,,,,,
Chhaava,,,,,,,
Frozen Hot Boys,,,,,,,
Trouble,,,,,,,
Alpha,,,,,,,
Bloodshot,,,,,,,
One of Them Days,,,,,,,
Lucy,,,,,,,
Promised Hearts,,,,,,,
TEST,,,,,,,
Chasing the Wind,,,,,,,
404,,,,,,,
Deva,,,,,,,
Geostorm,,,,,,,
Sniper: Rogue Mission,,,,,,,
The Core,,,,,,,
Kraven the Hunter,,,,,,,
Con Mum,,,,,,,
The Electric State,,,,,,,
Robinson Crusoe,,,,,,,
Revelations,,,,,,,
Banger,,,,,,,
Firefighters,,,,,,,
Dragon,,,,,,,
Officer on Duty,,,,,,,
Den of Thieves 2: Pantera,,,,,,,
The Twister: Caught in the Storm,,,,,,,
A Quiet Place: Day One,,,,,,,
Plankton: The Movie,,,,,,,
Little Siberia,,,,,,,
In Youth We Trust,,,,,,,
Nosso Sonho,,,,,,,
Les Segpa,,,,,,,
Squad 36,,,,,,,
Morbius,,,,,,,
Infinite Storm,,,,,,,
Delicious,,,,,,,
Emergency,,,,,,,
Azaad,,,,,,,
Demon City,,,,,,,
IF,,,,,,,
Chaos: The Manson Murders,,,,,,,
Nadaaniyan,,,,,,,
Thandel,,,,,,,
VidaaMuyarchi,,,,,,,
A Copenhagen Love Story,,,,,,,
Venom: The Last Dance,,,,,,,
Sicario,,,,,,,
Runaway Jury,,,,,,,
Midnight in the Switchgrass,,,,,,,
Sosyal Climbers,,,,,,,
The Wrong Track,,,,,,,
Larissa: The Other Side of Anitta,,,,,,,
Uncharted,,,,,,,
La Dolce Villa,,,,,,,
To Catch a Killer,,,,,,,
Dungeons & Dragons: Honor Among Thieves,,,,,,,
Honeymoon Crasher,,,,,,,
Love Forever,,,,,,,
Daaku Maharaaj,,,,,,,
Dhoom Dhaam,,,,,,,
The Most Beautiful Girl in the World,,,,,,,
Trial by Fire,,,,,,,
Kinda Pregnant,,,,,,,
Despicable Me,,,,,,,
Death Before the Wedding,,,,,,,
Lucca's World,,,,,,,
"Hello, Love, Again",,,,,,,
Bogotá: City of the Lost,,,,,,,
Aftermath,,,,,,,
The Witcher: Sirens of the Deep,,,,,,,
Death Whisperer 2,,,,,,,
Kadhalikka Neramillai,,,,,,,
The Menu,,,,,,,
Spider-Man: No Way Home,,,,,,,
Spider-Man: No Way Home (Extended Version),,,,,,,
The Sentinel,,,,,,,
Pushpa 2: The Rule (Reloaded Version),,,,,,,
Sumala,,,,,,,
Ad Vitam,,,,,,,
Faceless,,,,,,,
Ballot,,,,,,,
Under Paris,,,,,,,
The Wages of Fear,,,,,,,
Under the Boardwalk,,,,,,,
The Lovely Bones,,,,,,,
Scream VI,,,,,,,
Carry-On,,,,,,,
The Sand Castle,,,,,,,
"I, the Executioner",,,,,,,
Tout le bleu du ciel,,,,,,,
Chantal im Märchenland,,,,,,,
Amazon Bullseye,,,,,,,
Father Stu,,,,,,,
You Gotta Believe,,,,,,,
To All the Boys I’ve Loved Before,,,,,,,
Knight and Day,,,,,,,
Super Crazy,,,,,,,
Kingdom: Return of The Great General,,,,,,,
Number 24,,,,,,,
The Children's Train,,,,,,,
Rifle Club,,,,,,,
Family Pack,,,,,,,
Ma,,,,,,,
Sonic the Hedgehog,,,,,,,
Eye for an Eye,,,,,,,
The Love Scam,,,,,,,
Laura,,,,,,,
Wallace & Gromit: Vengeance Most Fowl,,,,,,,
The Six Triple Eight,,,,,,,
"Umjolo: My Beginning, My End!",,,,,,,
Bhool Bhulaiyaa 3,,,,,,,
Hopeless,,,,,,,
The Paradise of Thorns,,,,,,,
Avicii - I'm Tim,,,,,,,
Non-Stop,,,,,,,
Horizon: An American Saga: Chapter 1,,,,,,,
That Christmas,,,,,,,
Furiosa: A Mad Max Saga,,,,,,,
In the Heart of the Sea,,,,,,,
Kang Mak from Pee Mak,,,,,,,
Ferry 2,,,,,,,
Lucky Baskhar,,,,,,,
Jigra,,,,,,,
Blacklight,,,,,,,
Our Little Secret,,,,,,,
The Mountain Between Us,,,,,,,
Umjolo: Day Ones,,,,,,,
Spy x Family Code: White,,,,,,,
Ferry,,,,,,,
Amaran,,,,,,,
Yo Yo Honey Singh: Famous,,,,,,,
Disaster Holiday,,,,,,,
The Protege,,,,,,,
Terminator: Dark Fate,,,,,,,
Cold Blood Legacy,,,,,,,
The Dead Don't Die,,,,,,,
Camp Crasher,,,,,,,
Vicky Vidya ka Woh Wala Video,,,,,,,
Sikandar Ka Muqaddar,,,,,,,
Mary Mother of Jesus,,,,,,,
It Ends With Us,,,,,,,
Subservience,,,,,,,
Thangalaan,,,,,,,
The Wolf's Call,,,,,,,
Upon Open Sky,,,,,,,
Twas the Text Before Christmas,,,,,,,
Spellbound,,,,,,,
A Royal Date for Christmas,,,,,,,
The Snow Sister,,,,,,,
The Waiter,,,,,,,
Sleeping Princess,,,,,,,
GTMAX,,,,,,,
The Merry Gentlemen,,,,,,,
Madagascar: Escape 2 Africa,,,,,,,
Daddy's Home 2,,,,,,,
Hot Frosty,,,,,,,
13 Hours: The Secret Soldiers of Benghazi,,,,,,,
Buy Now: The Shopping Conspiracy,,,,,,,
The Lost Children,,,,,,,
Devara,,,,,,,
Maybe Baby 2,,,,,,,
Bagheera,,,,,,,
Let Go,,,,,,,
Conquer: Lahad Datu,,,,,,,
Ready or Not,,,,,,,
Meet Me Next Christmas,,,,,,,
Rob Peace,,,,,,,
Un/Happy For You,,,,,,,
Pilot,,,,,,,
The Buckingham Murders,,,,,,,
Alita: Battle Angel,,,,,,,
Focus,,,,,,,
Time Cut,,,,,,,
Don't Move,,,,,,,
The Lost City,,,,,,,
Return of the King: The Fall and Rise of Elvis Presley,,,,,,,
Umjolo: The Gone Girl,,,,,,,
Pedro Páramo,,,,,,,
Ipar Adalah Maut,,,,,,,
Do Patti,,,,,,,
Martha,,,,,,,
Just Go With It,,,,,,,
The Angry Birds Movie 2,,,,,,,
Harold and the Purple Crayon,,,,,,,
Escape,,,,,,,
The Shadow Strays,,,,,,,
Hijack '93,,,,,,,
Woman of the Hour,,,,,,,
Baywatch,,,,,,,
Lonely Planet,,,,,,,
Venom: Let There Be Carnage,,,,,,,
Justice,,,,,,,
Meiyazhagan,,,,,,,
Uprising,,,,,,,
Gigantes,,,,,,,
Outside,,,,,,,
The Platform 2,,,,,,,
Sweet Bobby: My Catfish Nightmare,,,,,,,
Happiness Is,,,,,,,
The Menendez Brothers,,,,,,,
Khel Khel Mein,,,,,,,
Bad Boys: Ride or Die,,,,,,,
The Predator,,,,,,,
Unhinged,,,,,,,
Kondal,,,,,,,
In Her Place,,,,,,,
Breaking the Silence: The Maria Soledad Case,,,,,,,
IT'S WHAT'S INSIDE,,,,,,,
Monster High 2,,,,,,,
Rebel Ridge,,,,,,,
The Platform,,,,,,,
The Boy and the Heron,,,,,,,
GOAT - The Greatest of All Time,,,,,,,
CTRL,,,,,,,
Miss Peregrine's Home for Peculiar Children,,,,,,,
Jailbreak: Love on the Run,,,,,,,
The Garfield Movie,,,,,,,
Rez Ball,,,,,,,
Uglies,,,,,,,
Sing 2,,,,,,,
A True Gentleman,,,,,,,
Ulajh,,,,,,,
An Invisible Victim: The Eliza Samudio Case,,,,,,,
Saripodhaa Sanivaaram,,,,,,,
Bangkok Breaking: Heaven and Hell,,,,,,,
Officer Black Belt,,,,,,,
Gifted,,,,,,,
American Assassin,,,,,,,
Hitman: Agent 47,,,,,,,
Hitman,,,,,,,
Trolls,,,,,,,
Divorce,,,,,,,
Sector 36,,,,,,,
Spoiled Brats,,,,,,,
No More Bets,,,,,,,
Into the Fire: The Lost Daughter,,,,,,,
His Three Daughters,,,,,,,
Fast & Furious Presents: Hobbs & Shaw,,,,,,,
The Deliverance,,,,,,,
The Union,,,,,,,
Aloha,,,,,,,
Outlaw,,,,,,,
Boxer,,,,,,,
Grave of the Fireflies,,,,,,,
Grave Torture,,,,,,,
Technoboys,,,,,,,
The Day After Tomorrow,,,,,,,
Edge of Tomorrow,,,,,,,
The Shack,,,,,,,
Gemini Man,,,,,,,
"Disco, Ibiza, Locomía",,,,,,,
Doce Família,,,,,,,
(Un)lucky Sisters,,,,,,,
Mr. Bachchan,,,,,,,
Dead Sea,,,,,,,
Incoming,,,,,,,
How to Lose a Guy in 10 Days,,,,,,,
Sheriff: Narko Integriti,,,,,,,
Menjelang Ajal,,,,,,,
Kalki 2898 AD (Hindi),,,,,,,
#LadyRancho,,,,,,,
Untamed Royals,,,,,,,
Mission: Cross,,,,,,,
Tòkunbọ̀,,,,,,,
Untold: The Murder of Air McNair,,,,,,,
Untold: Sign Stealer,,,,,,,
The Emoji Movie,,,,,,,
Nice Girls,,,,,,,
I Can't Live Without You,,,,,,,
Phir Aayi Hasseen Dillruba,,,,,,,
Kingsman: The Secret Service,,,,,,,
Night School,,,,,,,
Kingsman: The Golden Circle,,,,,,,
Lolo and the Kid,,,,,,,
Maharaja,,,,,,,
Indian 2,,,,,,,
Pretty Guardian Sailor Moon Cosmos The Movie,,,,,,,
Saving Bikini Bottom: The Sandy Cheeks Movie,,,,,,,
Inside the Mind of a Dog,,,,,,,
Ambulance,,,,,,,
Trolls Band Together,,,,,,,
Perdida,,,,,,,
Dancing Village : The Curse Begins,,,,,,,
Borderless Fog,,,,,,,
Law Abiding Citizen,,,,,,,
Jack Reacher,,,,,,,
Kung Fu Hustle,,,,,,,
Non Negotiable,,,,,,,
Savi,,,,,,,
Don't Breathe 2,,,,,,,
Find Me Falling,,,,,,,
Failure to Launch,,,,,,,
Ghostbusters: Frozen Empire,,,,,,,
Mr. & Mrs. Mahi,,,,,,,
Blame the Game,,,,,,,
House of Ga'a,,,,,,,
Wonderland,,,,,,,
Vanished into the Night,,,,,,,
Beverly Hills Cop: Axel F,,,,,,,
Titanic,,,,,,,
A Family Affair,,,,,,,
Hillbilly Elegy,,,,,,,
Anyone But You,,,,,,,
Munkar,,,,,,,
The Long Game,,,,,,,
The Champion,,,,,,,
Exhuma,,,,,,,
Lobola Man,,,,,,,
Wild Wild Punjab,,,,,,,
Goyo,,,,,,,
Maharaj,,,,,,,
The Equalizer,,,,,,,
Trigger Warning,,,,,,,
Matilda,,,,,,,
Srikanth,,,,,,,
Warcraft,,,,,,,
"Miraculous World: Shanghai, The Legend of LadyDragon",,,,,,,
The Hard Way,,,,,,,
Drawing Closer,,,,,,,
Tear This Heart Out,,,,,,,
Inheritance,,,,,,,
The Three Musketeers: Milady,,,,,,,
Politically Incorrect,,,,,,,
Godzilla Minus One,,,,,,,
Kiss the Girls,,,,,,,
Marry Me,,,,,,,
Ultraman: Rising,,,,,,,
John Wick,,,,,,,
Dracula Untold,,,,,,,
The Flash,,,,,,,
The Accidental Twins,,,,,,,
Minha Vida Em Marte,,,,,,,
Kleks Academy,,,,,,,
Lohusa,,,,,,,
Mallari,,,,,,,
Hit Man,,,,,,,
Tell Them You Love Me,,,,,,,
Madame Web,,,,,,,
Cuando acecha la maldad,,,,,,,
Bade Miyan Chote Miyan,,,,,,,
The Quake,,,,,,,
Apaixonada,,,,,,,
Four Brothers,,,,,,,
Mysteries of the Terracotta Warriors,,,,,,,
Wonder,,,,,,,
Safe House,,,,,,,
How to Rob a Bank,,,,,,,
Atlas,,,,,,,
The Price of Nonna's Inheritance,,,,,,,
Baki Hanma VS Kengan Ashura,,,,,,,
The First Slam Dunk,,,,,,,
Crew,,,,,,,
Ice Age: Collision Course,,,,,,,
Ice Age: Dawn of the Dinosaurs,,,,,,,
Mother of the Bride,,,,,,,
Real Steel,,,,,,,
The Lego Movie,,,,,,,
Bionic,,,,,,,
A Part of You,,,,,,,
Too Old for Fairy Tales 2,,,,,,,
Thelma the Unicorn,,,,,,,
Security,,,,,,,
Cold Meat,,,,,,,
In Good Hands 2,,,,,,,
In Good Hands,,,,,,,
Golden Kamuy,,,,,,,
Laapataa Ladies,,,,,,,
Disturbia,,,,,,,
A Simple Favor,,,,,,,
Monster,,,,,,,
Shaitaan,,,,,,,
4 Kings 2,,,,,,,
The Tearsmith,,,,,,,
Upgrade,,,,,,,
Unfrosted,,,,,,,
Smile,,,,,,,
Partiu América,,,,,,,
Honeymoonish,,,,,,,
The Guardian of the Monarchs,,,,,,,
Adagio,,,,,,,
"Tad, The Lost Explorer and the Emerald Tablet",,,,,,,
Barbarian,,,,,,,
Secrets of the Neanderthals,,,,,,,
The Judge,,,,,,,
The Frozen Ground,,,,,,,
Woody Woodpecker Goes to Camp,,,,,,,
The Great Wall,,,,,,,
City Hunter,,,,,,,
The Stronghold,,,,,,,
Down the Rabbit Hole,,,,,,,
Meninas Não Choram,,,,,,,
Beautiful Rebel,,,,,,,
Rebel Moon — Part Two: The Scargiver,,,,,,,
Hack Your Health: The Secrets of Your Gut,,,,,,,
Smurfs: The Lost Village,,,,,,,
Jujutsu Kaisen 0: The Movie,,,,,,,
The Doomsday Cult of Antares de la Luz,,,,,,,
"Love, Divided",,,,,,,
Tillu Square,,,,,,,
Rebel Moon — Part One: A Child of Fire,,,,,,,
What Jennifer Did,,,,,,,
Lifemark,,,,,,,
Hotel Mumbai,,,,,,,
Glass,,,,,,,
Article 370,,,,,,,
A Journey,,,,,,,
Stolen,,,,,,,
All India Rank,,,,,,,
Anna,,,,,,,
The Bricklayer,,,,,,,
Hotel Transylvania 2,,,,,,,
Damsel,,,,,,,
Amar Singh Chamkila,,,,,,,
Death Whisperer,,,,,,,
No Pressure,,,,,,,
Disappear Completely,,,,,,,
Scoop,,,,,,,
Megan Leavey,,,,,,,
Heart of the Hunter,,,,,,,
Suzume,,,,,,,
Zero to Hero,,,,,,,
Rest In Peace,,,,,,,
The Beautiful Game,,,,,,,
Baby Driver,,,,,,,
Maze Runner: The Scorch Trials,,,,,,,
Letters to God,,,,,,,
Fighter,,,,,,,
There's Still Tomorrow,,,,,,,
The Abyss,,,,,,,
Girls to Buy,,,,,,,
A Dangerous Practice,,,,,,,
Irish Wish,,,,,,,
The Accountant,,,,,,,
The Casagrandes Movie,,,,,,,
Shirley,,,,,,,
On the Line,,,,,,,
Peter Rabbit 2,,,,,,,
The Equalizer 3,,,,,,,
Mending the Line,,,,,,,
Rewind,,,,,,,
Cat & Dog,,,,,,,
Art of Love,,,,,,,
El paseo 7,,,,,,,
Ford v. Ferrari,,,,,,,
Hellboy,,,,,,,
Top Gun: Maverick,,,,,,,
Black Adam,,,,,,,
Murder Mubarak,,,,,,,
Society of the Snow,,,,,,,
Through My Window 3: Looking at You,,,,,,,
24 Hours with Gaspar,,,,,,,
Alone,,,,,,,
Code 8 Part II,,,,,,,
The Back-Up Plan,,,,,,,
Spaceman,,,,,,,
Anweshippin Kandethum,,,,,,,
My Name Is Loh Kiwan,,,,,,,
Merry Christmas (Hindi),,,,,,,
To Kill a Tiger,,,,,,,
"The Pig, the Snake and the Pigeon",,,,,,,
Code 8,,,,,,,
Mea Culpa,,,,,,,
You Are Not Alone: Fighting the Wolf Pack,,,,,,,
Simón,,,,,,,
The Parades,,,,,,,
"Ruby Gillman, Teenage Kraken",,,,,,,
Dune,,,,,,,
Ballerina,,,,,,,
Through My Window 2: Across the Sea,,,,,,,
Through My Window,,,,,,,
There Is a What-If,,,,,,,
Dunki,,,,,,,
Como si fuera la primera vez,,,,,,,
Players,,,,,,,
Einstein and the Bomb,,,,,,,
"Lover, Stalker, Killer",,,,,,,
Thanksgiving,,,,,,,
Orion and the Dark,,,,,,,
Crossroads,,,,,,,
Kill Me If You Dare,,,,,,,
Bhakshak,,,,,,,
Ashes,,,,,,,
The Heartbreak Agency,,,,,,,
The Devil Wears Prada,,,,,,,
Badland Hunters,,,,,,,
Guntur Kaaram (Hindi),,,,,,,
Lost in the Night,,,,,,,
Sweet Family,,,,,,,
The Greatest Night in Pop,,,,,,,
Lift,,,,,,,
WILL,,,,,,,
Guntur Kaaram,,,,,,,
"Twenty-Something, Divorced and Fabulous",,,,,,,
Animal,,,,,,,
Sixty Minutes,,,,,,,
Deep Fear,,,,,,,
The Postcard Killings,,,,,,,
The Vow,,,,,,,
Fury,,,,,,,
The Hill,,,,,,,
From the Ashes,,,,,,,
The Beast,,,,,,,
Instant Daddy,,,,,,,
Nowhere,,,,,,,
Mindcage,,,,,,,
The Kitchen,,,,,,,
The Favourite,,,,,,,
The Legend of Tarzan,,,,,,,
Dumb Money,,,,,,,
Queenpins,,,,,,,
Leo,,,,,,,
Salaar,,,,,,,
Caged Wings,,,,,,,
Dr. Cheon and the Lost Talisman,,,,,,,
Pirate Dad,,,,,,,
Stillwater,,,,,,,
The Forever Purge,,,,,,,
Wild,,,,,,,
maboroshi,,,,,,,
CJ7,,,,,,,
Kingdom 3: The Flame of Destiny,,,,,,,
Love at Second Sight,,,,,,,
Transporter 2,,,,,,,
Tyler Perry's The Single Moms Club,,,,,,,
A Day to Die,,,,,,,
Hi Papa (Hindi),,,,,,,
Desierto,,,,,,,
Hi Nanna,,,,,,,
A Vampire in the Family,,,,,,,
"Thank You, I'm Sorry",,,,,,,
Air Mata di Ujung Sajadah,,,,,,,
Leave the World Behind,,,,,,,
Exodus: Gods and Kings,,,,,,,
Aquaman,,,,,,,
Those Who Wish Me Dead,,,,,,,
Bitconned,,,,,,,
Chicken Run: Dawn of the Nugget,,,,,,,
Annapoorni,,,,,,,
The Abandoned,,,,,,,
Cindy la Regia,,,,,,,
Curry & Cyanide - The Jolly Joseph Case,,,,,,,
Kho Gaye Hum Kahan,,,,,,,
Pretty Woman,,,,,,,
Sniper: Ultimate Kill,,,,,,,
The Boss Baby: Family Business,,,,,,,
Sniper: Assassin's End,,,,,,,
A Very Good Girl,,,,,,,
Sajini Shinde Ka Viral Video,,,,,,,
The Taming of the Shrewd 2,,,,,,,
AKA,,,,,,,
Malbatt: Misi Bakara,,,,,,,
Family Switch,,,,,,,
Holiday in the Vineyards,,,,,,,
The Marine,,,,,,,
Blood Vessel,,,,,,,
Familia,,,,,,,
Shaolin Soccer,,,,,,,
Stolen Vacation,,,,,,,
The Rope Curse 3,,,,,,,
Underwater,,,,,,,
Old,,,,,,,
Christmas as Usual,,,,,,,
Dhak Dhak,,,,,,,
The Archies,,,,,,,
Don't Buy the Seller,,,,,,,
NAGA,,,,,,,
Women on the Edge,,,,,,,
Japan,,,,,,,
Catering Christmas,,,,,,,
Nobody,,,,,,,
The Fast and the Furious,,,,,,,
B&B Merry,,,,,,,
Mission Raniganj: The Great Bharat Rescue,,,,,,,
The Three Musketeers: D'Artagnan,,,,,,,
Last Call for Istanbul,,,,,,,
Thank You for Coming,,,,,,,
Concrete Utopia,,,,,,,
Hard Days,,,,,,,
Best. Christmas. Ever!,,,,,,,
Sonic the Hedgehog 2,,,,,,,
The Silencing,,,,,,,
The Killer,,,,,,,
Crime Diaries: The Celebrity Stylist,,,,,,,
Leo (Hindi),,,,,,,
Ilary Blasi: The One and Only,,,,,,,
Elena Knows,,,,,,,
All-Time High,,,,,,,
Believer 2,,,,,,,
See You on Venus,,,,,,,
Jules,,,,,,,
Triple Frontier,,,,,,,
Lone Survivor,,,,,,,
Falling for Christmas,,,,,,,
Sukhee,,,,,,,
Wingwomen,,,,,,,
Jawan: Extended Cut,,,,,,,
The Queenstown Kings,,,,,,,
Monster Hunter,,,,,,,
Locked In,,,,,,,
Cold Pursuit,,,,,,,
Pain Hustlers,,,,,,,
Summer Vacation,,,,,,,
Burning Betrayal,,,,,,,
In Love and Deep Water,,,,,,,
The Claus Family 3,,,,,,,
Forgotten Love,,,,,,,
Sly,,,,,,,
NYAD,,,,,,,
Spider-Man: Across the Spider-Verse,,,,,,,
Sister Death,,,,,,,
Ransomed,,,,,,,
Irugapatru,,,,,,,
Old Dads,,,,,,,
Monster High: The Movie,,,,,,,
Herself,,,,,,,
A Deadly Invitation,,,,,,,
Hatching,,,,,,,
The Takedown,,,,,,,
Alvin and the Chipmunks: Chipwrecked,,,,,,,
Reptile,,,,,,,
Alvin and the Chipmunks: The Squeakquel,,,,,,,
Dream Girl 2,,,,,,,
Heaven in Hell,,,,,,,
The Burning Sea,,,,,,,
Crypto Boy,,,,,,,
The Devil on Trial,,,,,,,
Long Shot,,,,,,,
Fair Play,,,,,,,
Tammy,,,,,,,
Spy Kids,,,,,,,
The Conference,,,,,,,
Ìjọ̀gbọ̀n,,,,,,,
OMG 2,,,,,,,
American Made,,,,,,,
Mean Girls,,,,,,,
Casper,,,,,,,
Tyson's Run,,,,,,,
Get Out,,,,,,,
Khufiya,,,,,,,
Overhaul,,,,,,,
Keys to the Heart,,,,,,,
Love is in the Air,,,,,,,
Life of a King,,,,,,,
Spy Kids: Armageddon,,,,,,,
Last Vegas,,,,,,,
Identity Thief,,,,,,,
The Black Book,,,,,,,
"Ice Cold: Murder, Coffee and Jessica Wongso",,,,,,,
Street Flow 2,,,,,,,
Jaane Jaan,,,,,,,
Love at First Sight,,,,,,,
The Machine,,,,,,,
In Time,,,,,,,
Force of Nature,,,,,,,
Gandeevadhari Arjuna,,,,,,,
Do Not Disturb,,,,,,,
Ehrengard: The Art of Seduction,,,,,,,
Once Upon a Crime,,,,,,,
The Wolf of Wall Street,,,,,,,
The Deep House,,,,,,,
Crawl,,,,,,,
You Are So Not Invited to My Bat Mitzvah,,,,,,,
Rosa Peral's Tapes,,,,,,,
Freestyle,,,,,,,
El Conde,,,,,,,
How To Deal With a Heartbreak,,,,,,,
Bhola Shankar (Hindi),,,,,,,
Bhola Shankar,,,,,,,
The Great Seduction,,,,,,,
Fifty Shades Freed,,,,,,,
All My Life,,,,,,,
Leatherface,,,,,,,
A Day and a Half,,,,,,,
Ramabanam,,,,,,,
Happy Ending,,,,,,,
Choose Love,,,,,,,
Snitch,,,,,,,
Love Again,,,,,,,
Heart of Stone,,,,,,,
Friday Night Plan,,,,,,,
Killer Book Club,,,,,,,
What If,,,,,,,
Paradise,,,,,,,
Pinkfong & Baby Shark's Space Adventure,,,,,,,
The Monkey King,,,,,,,
Big George Foreman: The Miraculous Story of the Once and Future Heavyweight Champion of the World,,,,,,,
The Pope's Exorcist,,,,,,,
Squared Love Everlasting,,,,,,,
A Life Too Short: The Isabella Nardoni Case,,,,,,,
Bro (Hindi),,,,,,,
Half Brothers,,,,,,,
Dora and the Lost City of Gold,,,,,,,
10 Days of a Bad Man,,,,,,,
Xtreme,,,,,,,
Bro,,,,,,,
Zom 100: Bucket List of the Dead,,,,,,,
Adipurush,,,,,,,
Make Me Believe,,,,,,,
Hidden Strike,,,,,,,
"Miraculous: Ladybug & Cat Noir, The Movie",,,,,,,
What Men Want,,,,,,,
Untold: Hall of Shame,,,,,,,
Untold: Johnny Football,,,,,,,
Jagun Jagun,,,,,,,
Marry My Dead Body,,,,,,,
Eye of the Storm,,,,,,,
Soulcatcher,,,,,,,
Happiness for Beginners,,,,,,,
Shark Bait,,,,,,,
Fatale,,,,,,,
River Wild,,,,,,,
The Seven Deadly Sins: Grudge of Edinburgh Part 2,,,,,,,
Head to Head,,,,,,,
The Raid: Redemption,,,,,,,
Dream,,,,,,,
Poisoned: The Dirty Truth About Your Food,,,,,,,
Missing: The Lucie Blackman Case,,,,,,,
They Cloned Tyrone,,,,,,,
Untold: Jake Paul the Problem Child,,,,,,,
The Lady of Silence: The Mataviejitas Murders,,,,,,,
Bird Box Barcelona,,,,,,,
No Ritmo da Fé,,,,,,,
Big Nunu's Little Heist,,,,,,,
The Murderer,,,,,,,
The Out-Laws,,,,,,,
Unknown: Cosmic Time Machine,,,,,,,
The Deepest Breath,,,,,,,
Extraction 2,,,,,,,
The (Almost) Legends,,,,,,,
Love Tactics 2,,,,,,,
Kingdom2: Far and Away,,,,,,,
Maamannan (Tamil),,,,,,,
Gold Brick,,,,,,,
Unknown: Cave of Bones,,,,,,,
Ride Along,,,,,,,
Nimona,,,,,,,
Captain Underpants: The First Epic Movie,,,,,,,
Mr. Car and the Knights Templar,,,,,,,
Luccas Neto em: O Meu Aniversário,,,,,,,
Seasons,,,,,,,
Bear Man,,,,,,,
65,,,,,,,
The Tutor,,,,,,,
Mafia Mamma,,,,,,,
Unknown: Killer Robots,,,,,,,
Lust Stories 2,,,,,,,
Rebound,,,,,,,
A Beautiful Life,,,,,,,
Run Rabbit Run,,,,,,,
Unknown: The Lost Pyramid,,,,,,,
WHAM!,,,,,,,
Skyscraper,,,,,,,
Afwaah,,,,,,,
iNumber Number: Jozi Gold,,,,,,,
Faithfully Yours,,,,,,,
The Perfect Find,,,,,,,
Extraction,,,,,,,
Take Care of Maya,,,,,,,
Ghosts of the Abyss,,,,,,,
Roald Dahl's Matilda The Musical,,,,,,,
King of Clones,,,,,,,
Black Clover: Sword of the Wizard King,,,,,,,
You Do You,,,,,,,
47 Ronin,,,,,,,
The Wonder Weeks,,,,,,,
Tin & Tina,,,,,,,
THE VILLAGE,,,,,,,
Assassin's Creed,,,,,,,
The Mother,,,,,,,
The Angry Birds Movie,,,,,,,
Abduction,,,,,,,
Prisoners,,,,,,,
Blood & Gold,,,,,,,
Gumraah,,,,,,,
We're the Millers,,,,,,,
The Company Men,,,,,,,
The Choice,,,,,,,
Rich in Love 2,,,,,,,
Mixed by Erry,,,,,,,
Where the Tracks End,,,,,,,
Missed Connections,,,,,,,
Missing,,,,,,,
2 Hearts,,,,,,,
Dirty Grandpa,,,,,,,
To Leslie,,,,,,,
The Year I Started Masturbating,,,,,,,
Hard Feelings,,,,,,,
¡Que viva México!,,,,,,,
2 Hearts,,,,,,,
The Son,,,,,,,
Victim/Suspect,,,,,,,
Ted,,,,,,,
Anna Nicole Smith: You Don't Know Me,,,,,,,
Astérix & Obélix: The Middle Kingdom,,,,,,,
Kathal - A Jackfruit Mystery,,,,,,,
Synchronic,,,,,,,
Harry Potter and the Sorcerer's Stone,,,,,,,
UglyDolls,,,,,,,
The Healer,,,,,,,
Mrs. Chatterjee vs Norway,,,,,,,
Royalteen: Princess Margrethe,,,,,,,
Tu Jhoothi Main Makkaar,,,,,,,
The Lulú Club,,,,,,,
The Deep End of the Ocean,,,,,,,
Kung Fu Panda 3,,,,,,,
Wrong Place,,,,,,,
The Tournament,,,,,,,
Pitch Perfect,,,,,,,
Heat,,,,,,,
Hunger,,,,,,,
Queens on the Run,,,,,,,
You & Me & Me,,,,,,,
All Quiet on the Western Front,,,,,,,
The Dilemma,,,,,,,
A Tourist's Guide to Love,,,,,,,
A Quiet Place Part II,,,,,,,
The Father,,,,,,,
"Kiss, Kiss!",,,,,,,
The Point Men,,,,,,,
Black Crab,,,,,,,
Chokehold,,,,,,,
Shehzada,,,,,,,
Whitney Houston: I Wanna Dance with Somebody,,,,,,,
The Last Kingdom: Seven Kings Must Die,,,,,,,
Murder Mystery 2,,,,,,,
Chupa,,,,,,,
Time Trap,,,,,,,
One More Time,,,,,,,
Dasara,,,,,,,
Phenomena,,,,,,,
The Snowman,,,,,,,
Mighty Morphin Power Rangers: Once & Always,,,,,,,
"Bua Pun, Beauty and the Blade",,,,,,,
Kannai Nambathe,,,,,,,
Trolls World Tour,,,,,,,
The Last Stand,,,,,,,
Murder Mystery,,,,,,,
Oh Belinda,,,,,,,
Chor Nikal Ke Bhaga,,,,,,,
Mission Pays Basque,,,,,,,
비상선언,,,,,,,
The Bourne Legacy,,,,,,,
Over the Hedge,,,,,,,
Luther: The Fallen Sun,,,,,,,
Faraaz,,,,,,,
Johnny,,,,,,,
Switch,,,,,,,
I See You,,,,,,,
The Magician's Elephant,,,,,,,
Dragged Across Concrete,,,,,,,
Furies,,,,,,,
Still Time,,,,,,,
In His Shadow,,,,,,,
Labyu With An Accent,,,,,,,
Money Shot: The Pornhub Story,,,,,,,
Perfume: The Story of a Murderer,,,,,,,
Riddick,,,,,,,
We Have a Ghost,,,,,,,
Noise,,,,,,,
Sir (Hindi),,,,,,,
City of God,,,,,,,
Sky High,,,,,,,
Faraway,,,,,,,
The Hunger Games: Catching Fire,,,,,,,
The Hunger Games,,,,,,,
Kick-Ass 2,,,,,,,
Kuttey,,,,,,,
Have a nice day!,,,,,,,
RRR (Hindi),,,,,,,
Love at First Kiss,,,,,,,
Vaathi,,,,,,,
Sir,,,,,,,
This Is Where I Leave You,,,,,,,
Burlesque,,,,,,,
10 Days of a Good Man,,,,,,,
Tonight You're Sleeping with Me,,,,,,,
Men of Plastic,,,,,,,
Unlocked,,,,,,,
Carandiru,,,,,,,
Ibiza,,,,,,,
Iratta,,,,,,,
The Strays,,,,,,,
The Condemned,,,,,,,
R.I.P.D.,,,,,,,
Bad Boys for Life,,,,,,,
Your Place or Mine,,,,,,,
The Hangover: Part III,,,,,,,
Call Me Chihiro,,,,,,,
Waltair Veerayya,,,,,,,
Viking Wolf,,,,,,,
Army of One,,,,,,,
2 Guns,,,,,,,
Mission: Impossible - Fallout,,,,,,,
Cirkus,,,,,,,
Squared Love All Over Again,,,,,,,
All the Places,,,,,,,
Re/Member,,,,,,,
Elite Squad,,,,,,,
An Inconvenient Love,,,,,,,
The Last Mercenary,,,,,,,
You People,,,,,,,
47 Meters Down: Uncaged,,,,,,,
True Spirit,,,,,,,
Thunivu (Hindi),,,,,,,
Infiesto,,,,,,,
Narvik,,,,,,,
"Lyle, Lyle, Crocodile",,,,,,,
"Pamela, a love story",,,,,,,
Enough,,,,,,,
Sniper: Ghost Shooter,,,,,,,
Thunivu,,,,,,,
Vadh,,,,,,,
I Like It But It Scares Me,,,,,,,
The Hurricane Heist,,,,,,,
Glass Onion: A Knives Out Mystery,,,,,,,
Flushed Away,,,,,,,
An Action Hero,,,,,,,
The Price of Family,,,,,,,
Mission Majnu,,,,,,,
JUNG_E,,,,,,,
Puss in Boots,,,,,,,
Devotion,,,,,,,
Dog Gone,,,,,,,
The Pale Blue Eye,,,,,,,
Dhamaka,,,,,,,
Air Force The Movie: Danger Close,,,,,,,
The Hatchet Wielding Hitchhiker,,,,,,,
Disconnect: The Wedding Planner,,,,,,,
Kaapa,,,,,,,
Lesson Plan,,,,,,,
Alkhallat+,,,,,,,
Jumanji: The Next Level,,,,,,,
Transformers: Dark of the Moon,,,,,,,
Colombiana,,,,,,,
Daddy Day Care,,,,,,,
How I Became a Gangster,,,,,,,
The Raid 2,,,,,,,
The Kings of the World,,,,,,,
Confidential Assignment 2: International,,,,,,,
Thai Massage,,,,,,,
"Farewell, Mr. Haffmann",,,,,,,
White Noise,,,,,,,
Honest Thief,,,,,,,
Knives Out,,,,,,,
Hard Target 2,,,,,,,
Mili,,,,,,,
Gatta Kusthi,,,,,,,
God's Crooked Lines,,,,,,,
Double XL,,,,,,,
7 Women and a Murder,,,,,,,
The Invitation,,,,,,,
Guillermo del Toro’s Pinocchio,,,,,,,
After Ever Happy,,,,,,,
Bullet Train,,,,,,,
A Not So Merry Christmas,,,,,,,
The Big 4,,,,,,,
Tara VS. Bilal,,,,,,,
The Volcano: Rescue from Whakaari,,,,,,,
A Bad Moms Christmas,,,,,,,
I Believe in Santa,,,,,,,
The Christmas Chronicles: Part Two,,,,,,,
Private Lesson,,,,,,,
Codename: Tiranga,,,,,,,
The Seven Deadly Sins: Grudge of Edinburgh Part 1,,,,,,,
Doctor G,,,,,,,
HELL DOGS - IN THE HOUSE OF BAMBOO -,,,,,,,
Lady Chatterley's Lover,,,,,,,
Scrooge: A Christmas Carol,,,,,,,
The Noel Diary,,,,,,,
The Marriage App,,,,,,,
Delivery by Christmas,,,,,,,
The Swimmers,,,,,,,
The Boss Baby: Christmas Bonus,,,,,,,
Slumberland,,,,,,,
A Christmas Miracle for Daisy,,,,,,,
Emily the Criminal,,,,,,,
Warriors of Future,,,,,,,
A Man of Action,,,,,,,
Christmas Full of Grace,,,,,,,
Goodbye,,,,,,,
Christmas on Mistletoe Farm,,,,,,,
Angel Falls Christmas,,,,,,,
Ghislaine Maxwell: Filthy Rich,,,,,,,
The Lost Patient,,,,,,,
Who's a Good Boy?,,,,,,,
Love Destiny The Movie,,,,,,,
The Wonder,,,,,,,
Christmas with You,,,,,,,
Enola Holmes 2,,,,,,,
GodFather (Hindi),,,,,,,
Deception - Round D Corner,,,,,,,
Off Track,,,,,,,
Beyond the Universe,,,,,,,
Minions & More Volume 2,,,,,,,
The Good Nurse,,,,,,,
Enola Holmes,,,,,,,
I Am Vanessa Guillen,,,,,,,
"Monica, O My Darling",,,,,,,
Racionais MC's: From the Streets of São Paulo,,,,,,,
The Claus Family 2,,,,,,,
Don't Leave,,,,,,,
The Chalk Line,,,,,,,
The Takeover,,,,,,,
Medieval,,,,,,,
The School for Good and Evil,,,,,,,
20th Century Girl,,,,,,,
War,,,,,,,
Wild Is the Wind,,,,,,,
Oblivion,,,,,,,
The Curse of Bridge Hollow,,,,,,,
Hellhole,,,,,,,
Robbing Mussolini,,,,,,,
Someone Borrowed,,,,,,,
The Ghost,,,,,,,
The Stranger,,,,,,,
Luckiest Girl Alive,,,,,,,
Hubie Halloween,,,,,,,
Blade of the 47 Ronin,,,,,,,
Rurouni Kenshin: The Beginning,,,,,,,
Laal Singh Chaddha,,,,,,,
Blackout,,,,,,,
Black and Blue,,,,,,,
Mr. Harrigan's Phone,,,,,,,
Charlie's Angels,,,,,,,
Dobaaraa,,,,,,,
Old People,,,,,,,
Doll House,,,,,,,
Forever Rich,,,,,,,
Loving Adults,,,,,,,
Blood Red Sky,,,,,,,
Usogui,,,,,,,
The Redeem Team,,,,,,,
Running with the Devil,,,,,,,
Blonde,,,,,,,
Togo,,,,,,,
Jumping from High Places,,,,,,,
Aníkúlápó,,,,,,,
Plan A Plan B,,,,,,,
Last Seen Alive,,,,,,,
Lou,,,,,,,
Marauders,,,,,,,
Minions & More Volume 1,,,,,,,
ATHENA,,,,,,,
Brazil 2002 - Behind the Scenes of Brazil's Fifth FIFA World Cup Victory,,,,,,,
Ranga Ranga Vaibhavanga,,,,,,,
Saakini Daakini,,,,,,,
Do Revenge,,,,,,,
A Jazzman's Blues,,,,,,,
Elysium,,,,,,,
The Perfumier,,,,,,,
Fullmetal Alchemist The Final Alchemy,,,,,,,
No Limit,,,,,,,
El Jeremías,,,,,,,
Drifting Home,,,,,,,
I Used to Be Famous,,,,,,,
Me Time,,,,,,,
End of the Road,,,,,,,
This Is the End,,,,,,,
Dolittle,,,,,,,
The Catholic School,,,,,,,
Mat Kilau,,,,,,,
Broad Peak,,,,,,,
Love in the Villa,,,,,,,
I Came By,,,,,,,
The Invisible Man,,,,,,,
Ek Villain Returns,,,,,,,
Jogi,,,,,,,
Fenced In,,,,,,,
White Chicks,,,,,,,
Hanna,,,,,,,
Triple 9,,,,,,,
Labor Day,,,,,,,
Under Her Control,,,,,,,
Seoul Vibe,,,,,,,
HIT: The First Case,,,,,,,
"For Better, for Worse",,,,,,,
HollyBlood,,,,,,,
The Festival of Troubadours,,,,,,,
That's Amor,,,,,,,
Look Both Ways,,,,,,,
Day Shift,,,,,,,
The Next 365 Days,,,,,,,
Purple Hearts,,,,,,,
The Gray Man,,,,,,,
Collateral,,,,,,,
The Figo Affair: The Transfer that Changed Football,,,,,,,
School Life,,,,,,,
Royalteen,,,,,,,
Rise of the Legend,,,,,,,
"Watch Out, We're Mad",,,,,,,
The Mummy,,,,,,,
Running with the Devil: The Wild World of John McAfee,,,,,,,
Untold: The Girlfriend Who Didn't Exist,,,,,,,
Fullmetal Alchemist The Revenge of Scar,,,,,,,
The Assistant,,,,,,,
Carter,,,,,,,
Darlings,,,,,,,
The Sea Beast,,,,,,,
Inside the Mind of a Cat,,,,,,,
Code Name: Emperor,,,,,,,
Bank Robbers: The Last Great Heist,,,,,,,
Shabaash Mithu (Hindi),,,,,,,
Nikamma,,,,,,,
Wedding Season,,,,,,,
1917,,,,,,,
Flight,,,,,,,
The Informer,,,,,,,
Don’t Blame Karma!,,,,,,,
Recurrence,,,,,,,
Heartsong,,,,,,,
The Age of Adaline,,,,,,,
Tower Heist,,,,,,,
Men in Black 3,,,,,,,
The Entitled,,,,,,,
Too Old for Fairy Tales,,,,,,,
Buba,,,,,,,
Incantation,,,,,,,
Persuasion,,,,,,,
The Man from Toronto,,,,,,,
Shania Twain: Not Just a Girl,,,,,,,
Line of Duty,,,,,,,
Red Notice,,,,,,,
Major Grom: Plague Doctor,,,,,,,
A Cut Above,,,,,,,
Live is Life,,,,,,,
Foot Fairy (Hindi),,,,,,,
Dangerous Liaisons,,,,,,,
Clean,,,,,,,
Daughter of the Wolf,,,,,,,
Girl in the Picture,,,,,,,
CHIPS,,,,,,,
12 Strong,,,,,,,
Valley of the Dead,,,,,,,
Jaadugar,,,,,,,
Under the Amalfi Sun,,,,,,,
My Daughter’s Killer,,,,,,,
Vaashi (Malayalam),,,,,,,
Hustle,,,,,,,
"Hello, Goodbye, and Everything in Between",,,,,,,
Ante Sundaraniki,,,,,,,
Mirreyes vs Godinez,,,,,,,
Major (Hindi),,,,,,,
Grand Isle,,,,,,,
The Dark Knight Rises,,,,,,,
Tadeo Jones 2: El secreto del Rey Midas,,,,,,,
Leon's Heart,,,,,,,
Blasted,,,,,,,
Major (Telugu),,,,,,,
Operation Romeo,,,,,,,
Bhool Bhulaiyaa 2,,,,,,,
Love & Gelato,,,,,,,
Glamour Girls,,,,,,,
Spiderhead,,,,,,,
The Mist,,,,,,,
Chickenhare and the Hamster of Darkness,,,,,,,
Backtrace,,,,,,,
Anek,,,,,,,
Doom of Love,,,,,,,
Heart Parade,,,,,,,
The Wrath of God,,,,,,,
Grudge,,,,,,,
Collision,,,,,,,
Halftime,,,,,,,
It,,,,,,,
Centauro,,,,,,,
Loca por el trabajo,,,,,,,
CBI 5: The Brain,,,,,,,
In Our Prime,,,,,,,
Interceptor,,,,,,,
Trees of Peace,,,,,,,
A Perfect Pairing,,,,,,,
Senior Year,,,,,,,
Don,,,,,,,
Ben & Jody,,,,,,,
Belzebuth,,,,,,,
The Amazing Spider-Man,,,,,,,
Mission: Impossible - Ghost Protocol,,,,,,,
Rambo: Last Blood,,,,,,,
Deep Impact,,,,,,,
El paseo 6,,,,,,,
Toscana,,,,,,,
F*ck Love Too,,,,,,,
The Perfect Family,,,,,,,
Gladbeck: The Hostage Crisis,,,,,,,
Memoirs of a Geisha,,,,,,,
The Outpost,,,,,,,
Disappearance at Clifton Hill,,,,,,,
Jackass 4.5,,,,,,,
Gangubai Kathiawadi,,,,,,,
Luccas Neto em: O Plano dos Vilões,,,,,,,
Jana Gana Mana,,,,,,,
Jersey,,,,,,,
4 Kings,,,,,,,
Dangerous,,,,,,,
Top Gun,,,,,,,
Cleveland Abduction,,,,,,,
Our Father,,,,,,,
Ben Is Back,,,,,,,
Godspeed,,,,,,,
Larva Pendant,,,,,,,
Toolsidas Junior,,,,,,,
Marmaduke,,,,,,,
Operation Mincemeat,,,,,,,
365 Days: This Day,,,,,,,
Borrego,,,,,,,
Cyber Hell: Exposing an Internet Horror,,,,,,,
Honeymoon with My Mother,,,,,,,
Raw (Hindi),,,,,,,
Along for the Ride,,,,,,,
U.S. Marshals,,,,,,,
Den of Thieves,,,,,,,
Men in Black: International,,,,,,,
Thar,,,,,,,
Beast (Tamil),,,,,,,
The Getaway King,,,,,,,
40 Years Young,,,,,,,
Radhe Shyam (Hindi),,,,,,,
Silverton Siege,,,,,,,
The Gentlemen,,,,,,,
The Mystery of Marilyn Monroe: The Unheard Tapes,,,,,,,
365 Days,,,,,,,
Rumspringa - An Amish in Berlin,,,,,,,
Bubble,,,,,,,
I Swear It Wasn't Me,,,,,,,
Brother in Love 2,,,,,,,
The Vault,,,,,,,
How It Ends,,,,,,,
The In Between,,,,,,,
The Adam Project,,,,,,,
The Turning Point,,,,,,,
Yaksha: Ruthless Operations,,,,,,,
The Taming of the Shrewd,,,,,,,
A Hard Day,,,,,,,
Choose or Die,,,,,,,
White Hot: The Rise & Fall of Abercrombie & Fitch,,,,,,,
Yakuza Princess,,,,,,,
Playing with Fire,,,,,,,
One Piece Film Z,,,,,,,
All Hail,,,,,,,
Dasvi,,,,,,,
A Score to Settle,,,,,,,
Metal Lords,,,,,,,
The Call,,,,,,,
Return to Space,,,,,,,
Dancing on Glass,,,,,,,
Suck Me Shakespeer 3,,,,,,,
The Bubble,,,,,,,
The Blind Side,,,,,,,
Captain Nova,,,,,,,
Enforcement,,,,,,,
Riders of Justice,,,,,,,
Ya veremos,,,,,,,
Trust No One: The Hunt for the Crypto King,,,,,,,
6 Underground,,,,,,,
Blade Runner 2049,,,,,,,
Rescued by Ruby,,,,,,,
Escape Room,,,,,,,
Without Saying Goodbye,,,,,,,
Battle: Freestyle,,,,,,,
'83,,,,,,,
Forever Out of My League,,,,,,,
Windfall,,,,,,,
John Wick: Chapter 2,,,,,,,
A Walk Among the Tombstones,,,,,,,
The Bombardment,,,,,,,
Restless,,,,,,,
Today We Fix the World,,,,,,,
The Pirates: The Last Royal Treasure,,,,,,,
Love Like the Falling Petals,,,,,,,
The Ice Road,,,,,,,
The Weekend Away,,,,,,,
Badhaai Do,,,,,,,
Chernobyl 1986,,,,,,,
One Piece Film: Strong World,,,,,,,
Against The Ice,,,,,,,
Meskina,,,,,,,
The Invisible Thread,,,,,,,
Love Tactics,,,,,,,
Black Beach,,,,,,,
The Tinder Swindler,,,,,,,
Just Like Heaven,,,,,,,
Battleship,,,,,,,
My Wonderful Life,,,,,,,
UFO,,,,,,,
Valentina's Wedding,,,,,,,
Texas Chainsaw Massacre,,,,,,,
Downfall: The Case Against Boeing,,,,,,,
Fistful of Vengeance,,,,,,,
Tall Girl 2,,,,,,,
Abominable,,,,,,,
Don't Kill Me,,,,,,,
Parallel Mothers,,,,,,,
Todos queremos a alguien,,,,,,,
Compadres,,,,,,,
Lost Paradise,,,,,,,
St. Vincent,,,,,,,
The Vanishing,,,,,,,
Bigbug,,,,,,,
Love and Leashes,,,,,,,
The Privilege,,,,,,,
Into the Wind,,,,,,,
Parallel Roads,,,,,,,
My Best Friend Anne Frank,,,,,,,
Thoroughbred,,,,,,,
Home Team,,,,,,,
Faster,,,,,,,
The Power of the Dog,,,,,,,
Don't Look Up,,,,,,,
Child of Kamiari Month,,,,,,,
Looop Lapeta,,,,,,,
Luccas Neto in: The Magical Hotel 2,,,,,,,
Transformers: Revenge of the Fallen,,,,,,,
The Royal Treatment,,,,,,,
Can You Keep a Secret?,,,,,,,
My Father's Violin,,,,,,,
أصحاب ...ولا أعزّ,,,,,,,
Amandla,,,,,,,
How I Fell in Love with a Gangster,,,,,,,
Fierce,,,,,,,
The Medium,,,,,,,
Munich – The Edge of War,,,,,,,
Brazen,,,,,,,
The Possession of Hannah Grace,,,,,,,
A Perfect Enemy,,,,,,,
Shyam Singha Roy,,,,,,,
Photocopier,,,,,,,
Rogue City,,,,,,,
Vicky and Her Mystery,,,,,,,
Riverdance: The Animated Adventure,,,,,,,
After We Fell,,,,,,,
Back to the Outback,,,,,,,
Mother/Android,,,,,,,
Tides,,,,,,,
The Clovehitch Killer,,,,,,,
Four to Dinner,,,,,,,
The Wasteland,,,,,,,
Chandigarh Kare Aashiqui,,,,,,,
Minnal Murali,,,,,,,
Lulli,,,,,,,
Sin Nombre,,,,,,,
The Lost Daughter,,,,,,,
The Unforgivable,,,,,,,
Seal Team,,,,,,,
The Longest Yard,,,,,,,
STAND BY ME Doraemon 2,,,,,,,
Death to 2021,,,,,,,
Spider-Man,,,,,,,
1000 Miles from Christmas,,,,,,,
Intervenção,,,,,,,
The Whole Truth,,,,,,,
Anonymously Yours,,,,,,,
The Hand of God,,,,,,,
Sooryavanshi,,,,,,,
A California Christmas: City Lights,,,,,,,
A Boy Called Christmas,,,,,,,
Grumpy Christmas,,,,,,,
David and the Elves,,,,,,,
John Wick: Chapter 3 - Parabellum,,,,,,,
Two,,,,,,,
Bordertown: Mural Murders,,,,,,,
Escape From Mogadishu,,,,,,,
Green Snake,,,,,,,
Single All The Way,,,,,,,
A Castle For Christmas,,,,,,,
Redemption Day,,,,,,,
Bruised,,,,,,,
More the Merrier,,,,,,,
The Claus Family,,,,,,,
14 Peaks: Nothing Is Impossible,,,,,,,
Love Hard,,,,,,,
Outlaws,,,,,,,
Just Short of Perfect,,,,,,,
The Princess Switch 3: Romancing the Star,,,,,,,
Extinct,,,,,,,
Central Intelligence,,,,,,,
Love Me Instead,,,,,,,
Earwig and the Witch,,,,,,,
Prayers for the Stolen,,,,,,,
Yara,,,,,,,
Sinkhole,,,,,,,
The Harder They Fall,,,,,,,
Army of Thieves,,,,,,,
Goosebumps 2: Haunted Halloween,,,,,,,
7 Prisoners,,,,,,,
The Forgotten Battle,,,,,,,
Meenakshi Sundareshwar,,,,,,,
Father Christmas Is Back,,,,,,,
211,,,,,,,
Army of the Dead,,,,,,,
Passing,,,,,,,
Transformers: The Last Knight,,,,,,,
Stuck Together,,,,,,,
Lords of Scam,,,,,,,
The Collini Case,,,,,,,
Doctor (Tamil),,,,,,,
21 Jump Street,,,,,,,
Hypnotic,,,,,,,
The Girl in the Spider's Web,,,,,,,
Amina,,,,,,,
Nobody Sleeps in the Woods Tonight 2,,,,,,,
Monk Comes Down the Mountain,,,,,,,
The Trip,,,,,,,
Night Teeth,,,,,,,
Final Score,,,,,,,
King Arthur: Legend of the Sword,,,,,,,
Only Mine,,,,,,,
A Dog's Journey,,,,,,,
Venom,,,,,,,
In for a Murder,,,,,,,
Nobody Sleeps in the Woods Tonight,,,,,,,
Friendzone,,,,,,,
The Four of Us,,,,,,,
Budapest,,,,,,,
My Little Pony: A New Generation,,,,,,,
Unfaithful,,,,,,,
Going in Style,,,,,,,
The Guilty,,,,,,,
"My Brother, My Sister",,,,,,,
Confessions of an Invisible Girl,,,,,,,
Beauty and the Beast,,,,,,,
There's Someone Inside Your House,,,,,,,
Pokémon the Movie: Secrets of the Jungle,,,,,,,
Redemption,,,,,,,
Fever Dream,,,,,,,
Anything for a Pop Star,,,,,,,
Violet Evergarden the Movie,,,,,,,
Mr. & Mrs. Smith,,,,,,,
The Seven Deadly Sins: Cursed by Light,,,,,,,
Sounds Like Love,,,,,,,
Thalaivii,,,,,,,
Luccas Neto em: O Mapa do Tesouro 2,,,,,,,
The Starling,,,,,,,
No One Gets Out Alive,,,,,,,
Britney Vs Spears,,,,,,,
Intrusion,,,,,,,
Grown Ups,,,,,,,
Kate,,,,,,,
Vivo,,,,,,,
The Father Who Moves Mountains,,,,,,,
Je Suis Karl,,,,,,,
Freaks – You're One of Us,,,,,,,
Schumacher,,,,,,,
Nightbooks,,,,,,,
Forgotten We'll Be,,,,,,,
Ankahi Kahaniya,,,,,,,
Firedrake the Silver Dragon,,,,,,,
Afterlife of the Party,,,,,,,
First Kill,,,,,,,
JJ+E,,,,,,,
O Candidato Honesto 2,,,,,,,
Ilhados,,,,,,,
Love of My Loves,,,,,,,
The Women and the Murderer,,,,,,,
Amores perros,,,,,,,
Worth,,,,,,,
He's All That,,,,,,,
SAS: Rise of the Black Swan,,,,,,,
Sweet Girl,,,,,,,
Monte Carlo,,,,,,,
Invasion,,,,,,,
The Secret Diary of an Exchange Student,,,,,,,
Out of my league,,,,,,,
Lassie Come Home,,,,,,,
The Loud House Movie,,,,,,,
Welcome Home Roscoe Jenkins,,,,,,,
Green Lantern,,,,,,,
Flu,,,,,,,
Black Island,,,,,,,
Thimmarusu,,,,,,,
I Don't Know Whether to Slit My Wrists or Leave Them Long,,,,,,,
The Old Ways,,,,,,,
The Witcher: Nightmare of the Wolf,,,,,,,
The Kissing Booth 3,,,,,,,
El Infierno,,,,,,,
Mimi,,,,,,,
Bartkowiak,,,,,,,
Shiny_Flakes: The Teenage Drug Lord,,,,,,,
Beckett,,,,,,,
The Girl Next Door,,,,,,,
Resort to Love,,,,,,,
Sputnik,,,,,,,
The Kissing Booth,,,,,,,
The Kissing Booth 2,,,,,,,
Dead Man Down,,,,,,,
Untold: Malice at the Palace,,,,,,,
The Swarm,,,,,,,
Rurouni Kenshin: The Final,,,,,,,
Navarasa,,,,,,,
Kingdom: Ashin of the North,,,,,,,
The Losers,,,,,,,
The Last Letter From Your Lover,,,,,,,
Wish Dragon,,,,,,,
World Trade Center,,,,,,,
Trollhunters: Rise of the Titans,,,,,,,
Fear Street Part 1: 1994,,,,,,,
Fear Street Part 3: 1666,,,,,,,
Fear Street Part 2: 1978,,,,,,,
The Twilight Saga: Breaking Dawn: Part 2,,,,,,,
The Twilight Saga: New Moon,,,,,,,
A Perfect Fit,,,,,,,
Words Bubble Up Like Soda Pop,,,,,,,
The Twilight Saga: Eclipse,,,,,,,
The Twilight Saga: Breaking Dawn: Part 1,,,,,,,
The Guide to the Perfect Family,,,,,,,
A Classic Horror Story,,,,,,,
Deep,,,,,,,
Tô Ryca,,,,,,,
Haseen Dillruba,,,,,,,
Gunpowder Milkshake,,,,,,,
The Water Man,,,,,,,
This Little Love of Mine,,,,,,,
Fatherhood,,,,,,,
How I Became a Superhero,,,,,,,
Last Summer,,,,,,,
The 8th Night,,,,,,,
Silver Skates,,,,,,,
The Huntsman: Winter's War,,,,,,,
Dynasty Warriors,,,,,,,
O Candidato Honesto,,,,,,,
Good on Paper,,,,,,,
Skylines,,,,,,,
The Mitchells vs. The Machines,,,,,,,
Murder by the Coast,,,,,,,
Rurouni Kenshin: Origins,,,,,,,
Prime Time,,,,,,,
